Avg_age_actors,Marketing_expense,Wardrobe_expense,Budget,Lead_actor_rating,Lead_actrees_rating,Director_rating,Producer_rating,Movie_length,Trailer_views,Twitter_hastags,Total_cinemas,Movie_rating
23,20126,59620,36524125,7.825,8.095,7.91,7.995,138.7,527367,22384,49400,7.94
42,20546,69140,35668655,7.505,7.65,7.44,7.47,152.4,494055,24346,46200,7.44
38,20546,69140,39912675,7.485,7.57,7.495,7.515,134.6,547051,202240,45800,7.44
45,20647,59360,38873890,6.895,7.035,6.92,7.02,119.3,516279,22534,47200,8.26
55,21381,59360,39701585,6.92,7.07,6.815,7.07,127.7,531448,22579,39500,8.26
53,20597,59360,35718650,6.89,7.1,6.885,7.005,132.2,498425,28459,46000,7.26
41,21766,70740,33396660,7.065,7.265,7.15,7.4,140.1,459241,24366,52200,8.96
56,22891,70740,34285460,6.98,7.075,6.875,7.17,169.6,400821,24354,57100,7.96
55,24225,70740,31280205,6.91,7.075,6.85,7.0,173.5,295168,24264,56400,7.96
45,23401,70740,33352220,6.665,6.725,6.575,6.855,159.4,412012,28302,50800,7.96
29,24498,70740,35424235,6.675,6.845,6.725,7.06,167.8,369595,22240,57800,8.96
23,22349,70740,33379995,6.865,7.035,6.745,6.905,156.4,451646,26302,55300,8.96
57,21876,70740,32713395,7.12,7.43,7.21,7.335,112.5,407557,20347,57500,8.96
39,32595,71280,33046695,7.64,7.705,7.535,7.705,135.3,472490,28326,53500,6.8
49,32759,71280,33863280,7.7,7.9,7.76,7.71,158.0,495311,26291,59900,7.8
28,32548,71280,32407870,7.7,7.825,7.64,7.84,130.0,497626,28318,59800,6.8
46,41079,71280,32968925,7.67,7.805,7.74,7.785,102.8,532331,20370,54700,7.8
56,35684,71280,33274450,7.72,7.925,7.82,8.015,155.2,431225,22280,54800,6.8
41,36054,71280,30308080,8.1,8.24,8.07,8.0,110.1,448317,24323,54300,6.8
27,34516,71280,31813485,8.01,8.175,8.0,8.215,143.0,463328,24291,57800,7.8
44,45036,71280,30941350,8.035,8.205,7.955,8.21,171.6,371051,30218,48400,7.8
23,37041,71280,33135575,7.945,8.14,7.83,8.06,162.7,457361,28314,54100,7.8
48,44649,71280,34118810,7.91,8.01,7.845,8.275,165.2,387496,28243,57500,6.8
29,39769,71280,32291215,7.825,8.01,7.935,8.04,173.5,365213,26232,52700,7.8
27,35005,71280,32907820,7.655,7.965,7.64,7.94,167.6,414145,26250,50200,7.8
35,36811,71280,31102445,7.655,7.835,7.64,7.96,159.2,422375,26222,51600,7.8
59,33438,71280,32291215,7.53,7.705,7.645,7.755,163.8,436807,24266,47600,6.8
20,39115,71280,33591085,7.75,7.8,7.7,7.845,162.3,406866,26237,48800,6.8
35,35460,71280,36079725,7.715,7.825,7.655,7.895,167.9,455480,30294,54400,7.8
50,40049,71280,37074070,7.735,8.03,7.82,7.935,160.8,466851,24336,48800,6.8
34,42616,71280,31735715,7.74,7.91,7.815,8.07,167.6,350102,24203,58600,6.8
23,47094,71280,33729960,7.805,7.97,7.76,8.115,173.5,436306,24232,52300,6.8
25,47760,71280,33052250,7.995,8.07,7.845,8.105,155.5,299587,28211,53300,7.8
25,43034,71280,31669055,8.1,8.165,8.02,8.14,168.5,394967,30210,57100,7.8
40,52256,71280,33863280,7.965,8.17,8.065,8.28,170.4,377048,22216,49700,6.8
43,21283,66920,32957815,8.155,8.365,8.23,8.53,141.7,475977,22302,53000,7.16
39,21949,66920,32446755,8.305,8.36,8.19,8.39,134.9,474433,30320,45400,8.16
21,21603,66920,32496750,8.01,8.125,7.94,8.055,115.0,482433,20336,51000,7.16
21,23501,66920,33141130,7.925,8.17,7.98,8.23,103.7,498052,20387,48400,7.16
49,20553,60900,36635225,7.175,7.325,7.225,7.475,95.3,553070,24493,45100,8.34
20,20672,60900,39018320,7.185,7.345,7.235,7.43,89.3,567784,30558,42800,8.34
30,22549,68820,37607350,7.115,7.14,7.0,7.3,76.4,512492,26426,49500,7.42
52,22830,68820,34268795,7.035,7.27,7.06,7.19,80.1,526836,30405,41900,7.42
56,23187,68820,34502105,6.98,7.17,7.08,7.33,80.0,473146,30395,44900,8.42
53,22454,68820,33713295,7.095,7.245,7.05,7.165,113.5,471960,24339,40000,8.42
21,23428,68820,31563510,7.385,7.525,7.395,7.49,107.3,470466,22309,44500,8.42
39,23767,68820,32141230,7.375,7.5,7.3,7.625,106.8,445250,24320,45500,8.42
44,24585,68820,33496650,7.085,7.18,7.125,7.23,159.0,374797,24266,52600,7.42
34,25077,68820,29991445,7.01,7.16,7.02,7.07,168.8,264112,28230,42700,8.42
45,24395,68820,31119110,6.945,7.05,6.85,6.98,135.5,422013,26310,50700,7.42
21,21775,66280,33124465,6.46,6.725,6.5,6.685,119.2,442225,22315,40400,7.64
30,20867,66280,33968825,6.48,6.63,6.46,6.795,136.5,502413,22328,47300,8.64
56,21072,66280,36168605,6.49,6.62,6.44,6.815,94.6,504792,28400,46200,8.64
41,20996,66280,33318890,6.555,6.74,6.565,6.51,94.9,496877,22374,41600,8.64
55,20272,63000,32707840,6.3,6.365,6.2,6.5,121.1,410055,30302,38700,6.78
50,20262,57440,40268195,5.55,5.795,5.605,5.655,95.4,512329,26566,48000,8.42
22,20411,56480,35457565,5.34,5.535,5.285,5.465,109.2,539589,30395,38300,8.54
45,20286,57640,37862880,5.685,5.86,5.815,5.99,114.0,512129,30506,42600,8.98
22,23089,65260,34135475,6.01,6.115,5.965,6.28,102.7,480067,28373,43800,7.06
20,22066,65260,32924485,6.37,6.66,6.45,6.66,120.7,467075,28314,46000,7.06
30,22986,65260,31891255,6.335,6.42,6.235,6.56,139.7,465689,22299,43900,7.06
48,23434,65260,33141130,6.58,6.665,6.46,6.655,166.9,430178,30256,38700,7.06
56,22205,65260,35863080,6.225,6.46,6.285,6.58,141.3,525189,20355,43400,7.06
28,22530,65260,37562910,5.885,6.155,5.95,6.045,116.9,469499,26400,47000,8.06
30,20390,57760,39462720,5.28,5.455,5.315,5.505,133.0,477265,20528,39000,7.28
20,20717,61740,34940950,6.69,6.785,6.575,6.725,91.3,545499,24376,37500,8.78
44,20876,61740,32146785,6.65,6.78,6.58,6.77,104.6,465605,22310,47900,8.78
29,21158,67140,32652290,6.68,6.8,6.74,6.785,94.9,493569,26352,40600,8.22
40,22711,67140,31074670,6.745,6.915,6.73,6.615,110.3,461313,30278,48500,8.22
56,22563,67140,32691175,6.725,6.805,6.7,6.77,106.5,499656,22334,38400,7.22
38,21765,76620,35646435,7.24,7.465,7.205,7.52,80.1,501152,28387,41000,7.16
46,23175,76620,33113355,7.28,7.4,7.29,7.455,91.0,491978,26347,40000,8.16
20,21833,76620,33691075,7.27,7.52,7.195,7.44,81.3,500290,20365,36100,7.16
45,23908,76620,34690975,7.32,7.385,7.25,7.47,79.7,493124,24374,43400,8.16
40,21579,80660,34846515,7.73,8.025,7.715,8.025,79.5,488560,20386,38900,7.26
28,21902,80660,34918730,7.585,7.75,7.585,8.07,118.5,496661,20342,38200,8.26
22,22031,80660,34879845,7.835,8.14,7.87,8.05,148.0,478283,24320,45300,8.26
57,21741,80660,34107700,7.84,7.97,7.87,8.14,119.3,490040,22333,41900,7.26
53,21129,80660,34618760,7.33,7.5,7.45,7.69,127.2,447528,30339,37700,8.26
37,21677,80660,32630070,7.735,7.885,7.59,7.785,110.1,467670,30325,47200,8.26
54,20823,64720,37368485,7.25,7.36,7.3,7.29,107.0,499995,28448,37400,8.2
49,20892,64720,36768545,7.145,7.445,7.145,7.46,143.9,510436,24382,50100,7.2
20,20732,64720,35007610,7.235,7.405,7.265,7.29,105.7,492574,20397,46900,8.2
34,20710,64720,34257685,7.24,7.41,7.165,7.385,120.2,485743,20366,40500,7.2
23,21012,63980,35490895,7.515,7.645,7.505,7.775,121.5,454277,28382,42200,7.3
56,21147,63980,36829650,7.625,7.925,7.755,7.815,129.6,495454,24426,52100,8.3
50,21038,63980,33413325,7.69,7.92,7.755,7.78,118.6,436753,22360,47200,7.3
43,21430,63980,34002155,8.035,8.13,8.08,8.26,130.3,489563,24355,51000,8.3
28,21132,61820,38923885,8.25,8.455,8.28,8.175,159.8,509357,20378,45600,8.44
31,21060,61820,39323845,8.17,8.31,8.135,8.555,136.6,515362,30459,47800,8.44
58,20937,61820,35646435,8.43,8.535,8.425,8.425,139.6,503147,30362,42400,8.44
23,20786,61820,35579775,8.42,8.525,8.295,8.575,147.4,496193,26352,45100,7.44
60,20841,85080,35785310,8.02,8.295,8.015,8.34,127.1,489837,28366,51800,8.36
46,20575,85080,34502105,8.04,8.225,8.095,8.305,102.4,508101,28400,49200,8.36
54,20859,85080,34713195,8.095,8.33,8.04,8.305,150.8,468556,26330,46500,8.36
46,22441,60780,36801875,8.215,8.385,8.12,8.29,131.3,489220,28454,46700,7.4
21,22301,60780,34235465,8.21,8.325,8.23,8.245,143.1,467769,24342,46300,8.4
53,22417,60780,44823295,8.15,8.34,8.215,8.305,149.5,543618,24619,41300,7.4
25,21637,60780,43440100,8.23,8.29,8.2,8.285,110.4,544945,20701,51200,7.4
31,21372,60780,41195880,8.085,8.32,8.165,8.435,136.0,484613,26531,51000,8.4
24,22973,72120,37368485,8.45,8.66,8.595,8.74,153.4,471052,30440,47000,6.82
58,22286,72120,37668455,8.425,8.63,8.44,8.79,144.8,491484,20424,44500,7.82
57,24575,72120,35579775,8.485,8.725,8.635,8.725,158.9,457364,26298,54400,7.82
36,24232,72120,34091035,8.515,8.79,8.56,8.71,160.9,443252,28309,55500,7.82
20,22792,72120,34257685,8.685,8.875,8.66,8.935,163.5,432081,20322,45800,6.82
57,22652,72120,32502305,8.905,9.025,8.935,8.925,170.2,430817,26312,51500,6.82
20,23424,72120,32418980,8.815,8.965,8.76,9.04,165.4,405008,28312,48200,6.82
57,22623,72120,34035485,8.825,9.025,8.915,8.99,158.7,442160,28326,51700,6.82
48,22560,72120,35963070,8.64,8.91,8.73,8.85,170.6,473768,20317,50200,7.82
41,25273,72120,34602095,8.715,8.86,8.56,8.775,164.7,437611,28310,55500,6.82
37,22159,72120,34413225,8.475,8.7,8.48,8.79,127.9,423752,20347,45300,7.82
34,22017,75020,37301825,8.595,8.685,8.5,8.87,155.1,495560,26365,54400,8.44
35,22466,75020,32846715,8.725,8.885,8.72,8.965,166.4,394329,30301,57700,7.44
59,24442,75020,33841060,8.705,8.875,8.725,8.6,168.9,405200,20299,60400,8.44
39,22846,75020,34740970,8.73,8.93,8.855,8.975,157.7,446050,24296,57000,8.44
24,23427,75020,32930040,8.72,8.795,8.64,8.92,161.7,415458,22293,53900,7.44
23,22632,75020,34307680,8.535,8.645,8.5,8.86,146.0,432696,26339,52800,8.44
28,23020,75020,33446655,8.615,8.755,8.54,8.595,156.1,454755,30307,60900,7.44
40,22612,75020,32618960,8.6,8.865,8.69,8.89,146.6,410730,28326,56600,7.44
20,22895,75020,31835705,8.52,8.74,8.54,8.685,138.7,463019,22309,53000,8.44
23,21380,106300,32607850,8.8,8.92,8.735,9.03,143.2,455844,20352,57000,7.18
39,21433,106300,33352220,8.78,9.02,8.815,8.99,157.6,454602,20325,56800,8.18
51,21860,106300,33113355,8.83,9.075,8.865,9.05,166.4,388265,20328,60800,8.18
51,23008,106300,32530080,8.89,9.09,8.965,9.165,170.5,334417,20277,52400,8.18
56,21970,106300,32657845,8.895,9.13,8.9,9.06,169.3,395312,26301,62200,8.18
22,23380,106300,33252230,8.935,9.075,8.855,9.155,161.9,443766,28342,60800,7.18
42,27747,106300,31180215,9.035,9.24,9.1,9.115,169.1,303828,20251,63500,8.18
31,25183,98780,31624615,8.955,9.135,9.08,9.255,169.5,391198,30259,56700,6.76
41,26509,98780,35724205,9.02,9.195,9.04,9.115,172.3,444896,28288,56400,7.76
30,37625,98780,31313535,8.85,9.06,8.95,9.175,168.2,406685,20229,58100,6.76
25,26801,98780,35874190,8.815,9.035,8.82,9.095,172.4,466796,26307,66300,6.76
29,43859,98780,35140930,8.73,8.985,8.79,8.955,171.2,438063,24314,55900,6.76
57,31801,98780,35396460,8.795,8.92,8.8,8.83,171.4,456491,24368,55000,6.76
58,26596,98780,32341210,8.635,8.79,8.735,8.895,168.9,426316,20294,61700,7.76
32,39523,98780,31980135,8.825,8.86,8.735,8.885,171.9,402396,22250,64600,6.76
37,31156,98780,35190925,8.89,8.965,8.84,9.085,171.7,411162,22290,66300,6.76
37,26453,98780,33007810,8.87,9.08,8.91,9.205,167.0,394365,20278,62200,6.76
40,27047,98780,35851970,8.925,9.235,8.915,9.225,171.9,442884,22274,67400,7.76
39,24996,98780,32535635,9.055,9.295,9.08,9.235,171.7,380380,28213,59300,6.76
29,30890,98780,34168805,9.045,9.205,9.16,9.255,171.4,411330,20285,59200,7.76
28,25818,98780,34296570,9.07,9.23,9.065,9.41,167.1,354960,20224,57000,6.76
43,52573,98780,27880545,9.185,9.34,9.145,9.45,173.5,233100,24230,56100,7.76
42,86421,94160,30013665,9.33,9.48,9.18,9.365,173.5,329378,26214,80700,9.06
25,101948,94160,30374740,9.18,9.4,9.21,9.385,173.5,308802,26250,79300,9.06
52,75595,94160,27236165,9.26,9.46,9.225,9.365,171.3,294970,26189,79500,8.06
59,67587,94160,34052150,9.155,9.37,9.14,9.495,173.5,305675,20221,84600,8.06
32,63101,94160,31263540,9.09,9.255,9.155,9.47,173.5,399297,20250,76000,8.06
24,67372,94160,27363930,9.115,9.32,9.17,9.475,169.2,286266,22234,80000,9.06
43,66620,94160,28808230,9.21,9.385,9.2,9.14,167.3,309356,28285,83800,8.06
48,74679,94160,31091335,9.12,9.39,9.205,9.24,168.4,347105,30246,75900,8.06
34,53132,94160,34007710,9.175,9.24,9.035,9.315,170.8,428936,24344,83100,8.06
42,49926,94160,30019220,9.07,9.27,9.115,9.365,173.5,466687,22314,75400,8.06
46,42532,94160,27841660,9.09,9.22,9.05,9.42,161.5,455196,20245,85100,9.06
58,62984,94160,31713495,9.11,9.32,9.05,9.275,172.0,411772,24310,84000,8.06
48,48277,94160,34046595,9.115,9.265,9.015,9.11,169.5,440004,30272,80600,9.06
37,90700,94160,34174360,9.06,9.275,9.04,9.13,156.1,432078,22250,86800,9.06
60,68934,94160,29285960,9.005,9.145,9.075,9.305,167.5,426057,20210,74900,8.06
57,44472,94160,38568365,9.005,9.12,9.04,9.08,170.9,501350,26661,54900,9.06
46,46857,94160,33696630,9.02,9.23,9.05,9.185,173.5,483363,26389,55600,8.06
36,48500,94160,36163050,9.08,9.155,9.01,9.22,173.5,475753,24373,76500,9.06
23,45469,94160,34718750,9.07,9.24,9.06,9.03,166.1,540041,24432,51900,9.06
35,49267,94160,41601395,8.915,9.055,8.935,9.155,164.3,539697,22800,53900,8.06
22,56675,94160,43340110,8.87,9.12,8.945,8.98,171.7,531084,24800,55700,8.06
57,50380,94160,46523125,8.87,9.03,8.8,8.975,167.4,561132,24800,60300,9.06
56,64847,94160,32518970,8.645,8.805,8.755,8.95,165.3,467883,30363,65900,9.06
22,78480,94160,33891055,8.815,8.86,8.705,9.055,166.5,471586,24400,53300,8.06
37,60204,94160,44045595,8.945,9.045,8.845,9.07,169.7,517904,30800,52200,9.06
22,56006,94160,32646735,8.655,8.895,8.71,8.89,152.7,468741,20381,54900,8.06
23,66008,94160,35102045,8.855,8.98,8.88,9.085,169.6,473988,22381,66300,8.06
22,68991,94160,35563110,8.85,8.94,8.835,8.85,168.7,449755,30357,53600,8.06
28,44148,94160,32635625,8.65,8.79,8.64,9.07,168.1,438703,22278,60600,9.06
54,66278,94160,32663400,8.69,8.82,8.725,8.985,170.8,470298,24306,57500,8.06
38,22783,63100,30952460,8.65,8.73,8.635,8.79,162.0,415584,24370,53000,7.68
59,21836,63100,35640880,8.57,8.715,8.615,8.805,157.6,467457,20378,54000,7.68
35,21689,63100,32546745,8.58,8.65,8.485,8.88,142.2,480435,30362,53000,7.68
48,21333,63100,36363030,8.39,8.545,8.395,8.41,106.6,500067,24470,50900,7.68
49,21404,63100,33441100,8.125,8.295,8.11,8.36,120.7,491916,30371,52000,7.68
31,21085,63100,35079825,8.325,8.36,8.295,8.38,146.9,487150,28394,47400,8.68
28,21328,63100,38107300,8.405,8.625,8.395,8.75,147.9,513390,22478,54800,7.68
50,21156,59920,38773900,8.445,8.725,8.58,8.59,131.9,505742,22595,45600,8.44
60,21318,59920,43134575,8.51,8.67,8.52,8.82,156.8,515276,28637,46600,7.44
59,21378,59920,34129920,8.655,8.805,8.605,8.74,135.7,461876,30579,56100,7.44
56,21821,59920,39746025,8.64,8.675,8.54,8.75,165.7,549262,30606,43000,7.44
60,22002,59920,36457465,8.48,8.665,8.545,8.62,169.1,493498,28520,45100,8.44
27,21662,59920,31130220,8.47,8.58,8.425,8.545,163.3,440780,20422,46700,8.44
45,21209,59920,34179915,8.285,8.475,8.25,8.43,142.3,463628,22474,46600,7.44
35,21120,59920,43501205,8.275,8.405,8.245,8.675,127.1,511949,26800,45800,8.44
23,21575,61880,37674010,8.095,8.15,8.065,8.115,114.6,480787,26512,42300,7.96
40,22516,61880,36418580,7.69,7.86,7.66,7.655,102.6,537380,20477,46000,8.96
20,21674,61880,39912675,7.585,7.785,7.66,7.835,112.4,520707,28558,46400,8.96
55,21814,61880,38612805,6.73,6.82,6.645,6.845,95.0,512163,22528,51000,8.96
40,21382,61880,37435145,6.645,6.79,6.63,6.975,104.3,507193,22488,38400,7.96
40,21733,61880,39873790,6.62,6.83,6.7,6.895,99.8,515199,22582,44800,7.96
24,20437,60860,37774000,6.77,6.935,6.775,7.08,83.4,503965,26498,41200,7.88
59,20288,60860,36685220,6.745,6.985,6.77,7.06,92.3,525053,28466,48900,8.88
26,20276,55920,43745625,7.095,7.235,7.12,7.25,105.5,546519,28800,43000,9.12
20,20802,58040,40479285,6.21,6.4,6.245,6.525,107.6,549247,30533,36700,8.48
24,20933,58040,39479385,6.18,6.49,6.3,6.41,110.1,511537,28485,40100,8.48
43,20754,58040,40407070,6.235,6.39,6.27,6.485,111.8,519868,28554,41200,8.48
24,20630,57940,38746125,6.015,6.24,6.11,6.33,88.8,536549,26558,41300,8.6
22,20356,57940,39634925,6.105,6.185,6.015,6.39,87.4,535003,20526,46500,7.6
32,20689,59060,34229910,6.8,6.965,6.8,6.89,111.9,501886,24386,41500,8.06
30,20435,59060,42273550,6.825,6.955,6.735,6.95,89.2,554735,28677,45900,9.06
22,20702,60360,43623415,7.315,7.485,7.35,7.615,106.7,546954,22776,41000,9.06
51,20402,60360,44628870,7.295,7.6,7.36,7.505,105.4,517393,30800,44200,8.06
26,22728,76180,32724505,7.88,8.19,7.945,8.09,95.8,456271,30362,56300,8.28
52,24594,76180,35140930,7.685,7.88,7.765,7.955,126.0,444948,22390,51100,7.28
38,25040,76180,32124565,7.68,7.875,7.7,8.04,146.2,378970,20360,51900,8.28
31,22717,76180,33685520,7.85,8.005,7.725,7.94,132.6,418851,28390,44700,7.28
60,28714,76180,29685920,8.025,8.07,7.93,8.225,173.5,367698,26320,56200,7.28
36,23489,76180,33107800,8.045,8.185,8.02,8.0,165.6,402133,24347,44600,8.28
39,27516,76180,30019220,8.005,8.295,8.1,8.27,162.1,347413,28309,48900,7.28
20,24344,76180,32257885,8.17,8.21,8.1,8.215,127.3,414813,26358,52700,8.28
3,22810,76180,35413125,7.945,8.04,7.91,8.215,105.8,504226,20450,44100,7.28
21,25791,76180,30063660,8.16,8.26,8.165,8.235,83.3,298989,22379,56200,8.28
30,23960,76180,34341010,7.925,8.095,8.02,8.065,115.9,456943,24400,48000,7.28
22,20912,82780,32707840,8.28,8.515,8.285,8.695,129.5,429010,24373,61700,8.72
23,21403,82780,36896310,8.24,8.405,8.155,8.36,158.6,461695,28459,48700,7.72
49,22214,82780,33057805,8.54,8.56,8.46,8.66,167.3,411880,28344,48100,7.72
21,22285,82780,35402015,8.175,8.375,8.315,8.405,165.9,451935,26368,56100,8.72
23,27162,67400,38612805,8.485,8.64,8.485,8.67,162.0,480270,22427,53600,8.52
37,28154,67400,34241020,8.345,8.48,8.42,8.66,164.8,369907,28347,57400,8.52
50,32471,67400,38212845,8.295,8.395,8.31,8.455,151.2,470809,24440,46900,7.52
39,32294,67400,36762990,8.25,8.4,8.23,8.58,154.3,489836,24482,49100,7.52
47,26307,67400,45917630,8.52,8.635,8.435,8.62,151.8,549160,24717,57000,8.52
20,30539,67400,48467375,8.435,8.695,8.525,8.56,156.5,521198,26800,57000,7.52
54,27643,67400,44662200,8.255,8.52,8.345,8.45,160.0,560909,20602,53200,7.52
34,28248,67400,39790465,8.345,8.44,8.36,8.42,153.4,506523,20506,54100,7.52
43,25964,67400,42695730,8.225,8.35,8.195,8.475,90.5,547397,28747,55000,8.52
47,28836,67400,36396360,8.22,8.36,8.29,8.385,94.9,561219,30504,44400,8.52
59,30740,67400,33224455,8.015,8.31,8.06,8.265,141.6,480986,20389,46700,8.52
26,29259,67400,41173660,8.06,8.33,8.065,8.2,150.4,540602,20507,54000,7.52
28,31506,67400,46312035,7.97,8.09,8.05,8.21,146.8,545730,22667,57400,7.52
23,26629,67400,45812085,8.09,8.255,8.13,8.225,143.9,529841,22773,50400,7.52
32,28958,67400,37362930,8.165,8.31,8.015,8.205,140.0,514773,26464,44100,8.52
57,26609,67400,33807730,8.045,8.305,8.095,8.255,135.0,471552,28384,52500,8.52
36,30412,67400,36835205,7.77,8.05,7.9,7.985,150.0,502128,30402,46400,7.52
34,30237,67400,40873690,7.88,8.09,7.835,7.9,145.1,533135,24504,56200,7.52
48,21649,64860,36001955,6.87,6.94,6.775,7.035,92.0,523902,24379,49100,8.68
51,21850,64860,36696330,6.875,6.945,6.795,7.005,115.7,507617,30373,41300,7.68
24,22266,64860,38312835,6.755,6.935,6.8,6.84,127.8,470107,22432,38700,8.68
41,22122,64860,33857725,6.785,6.96,6.685,6.9,138.6,462958,26322,39700,7.68
42,22058,64860,35318690,6.445,6.595,6.405,6.485,126.4,479264,20355,41200,8.68
26,22551,64860,35513115,6.47,6.515,6.435,6.505,81.3,537248,30379,48100,7.68
42,24122,66720,31069115,5.925,6.19,5.94,6.035,150.0,458708,24282,41200,8.18
59,23827,66720,31135775,5.86,6.085,5.86,6.285,143.7,405929,20296,43800,8.18
25,26797,66720,33929940,5.815,6.11,5.81,6.155,108.4,465288,22389,48900,8.18
31,23931,66720,34585430,5.915,6.005,5.85,6.12,152.7,484343,24328,46600,7.18
43,23288,66720,35735315,5.975,6.13,6.055,6.185,122.6,504043,30392,49400,7.18
39,23815,66720,37318490,5.96,6.2,5.96,6.23,91.0,531248,22419,44300,8.18
38,22806,66720,36035285,6.25,6.34,6.185,6.43,86.5,522769,28390,38900,7.18
50,24282,66720,35763090,6.285,6.41,6.295,6.215,82.4,548870,24397,46900,7.18
57,21644,66720,38646135,5.41,5.575,5.45,5.755,80.3,534094,24474,39600,7.18
53,27379,66720,45878745,5.485,5.555,5.465,5.68,81.9,518247,26685,50900,7.18
56,20964,62280,33929940,5.305,5.495,5.345,5.42,105.5,528690,24350,37000,7.72
31,20710,62280,32641180,5.385,5.445,5.26,5.47,92.6,459998,30334,43800,7.72
38,20308,62500,41406970,6.67,6.985,6.665,7.01,107.7,524356,26704,42200,8.82
54,32231,62940,48350720,8.955,9.235,9.085,9.12,160.4,530690,22800,55200,9.4
58,33270,62940,40734815,8.9,9.13,8.99,9.195,173.5,477252,30576,60100,8.4
40,33133,62940,38007310,8.9,9.09,8.84,9.145,173.5,483741,22482,59900,8.4
21,30802,62940,40012665,8.94,9.025,8.815,8.995,155.3,483080,22541,68100,9.4
24,30682,62940,41773600,8.8,9.0,8.925,9.0,162.9,526451,22690,65100,9.4
24,30403,62940,46650890,8.725,8.98,8.805,8.915,165.0,511151,30781,55200,8.4
60,36505,62940,40701485,8.795,8.99,8.895,9.16,168.0,450060,22496,55500,8.4
36,31001,62940,40029330,9.02,9.045,8.89,9.185,165.1,503379,28584,58800,8.4
59,35232,62940,30885800,8.95,9.015,8.97,9.095,136.3,458883,26365,58900,8.4
41,35714,62940,38962770,8.89,9.07,8.82,8.955,158.1,440617,20491,57800,9.4
42,31567,62940,46089835,8.7,8.935,8.785,8.74,140.5,495431,30800,63300,9.4
43,30810,62940,41495850,8.415,8.69,8.51,8.645,126.1,558567,30696,50400,9.4
29,21813,68920,32885600,7.89,8.185,8.015,8.075,135.0,442828,28331,52400,8.28
27,25983,68920,32530080,7.67,7.895,7.745,7.83,115.6,448615,30338,46600,7.28
25,23242,68920,34663200,7.72,7.815,7.655,7.95,89.8,527157,20403,43400,7.28
40,22292,68920,36318590,7.995,8.185,7.94,8.045,132.2,502420,26390,44000,7.28
39,24438,68920,42723505,7.735,7.95,7.76,7.82,125.3,522502,20563,42500,8.28
30,21129,67820,37540690,7.9,8.01,7.81,8.12,106.4,510207,24518,42600,8.48
23,21921,67820,38073970,7.86,7.95,7.73,7.925,116.3,532339,24512,38500,8.48
35,22094,67820,40368185,7.53,7.66,7.515,7.72,122.5,490028,22531,42400,7.48
21,21225,67820,37918430,7.43,7.58,7.54,7.725,101.1,516911,22530,41700,7.48
38,21596,67820,36007510,7.89,7.96,7.8,8.075,105.6,504442,20466,47800,8.48
26,24208,61660,37840660,7.825,8.04,7.89,8.045,105.7,504458,24562,51300,9.02
50,20716,61660,43440100,7.51,7.665,7.58,7.855,138.0,538611,20726,42000,9.02
48,20741,61660,38707240,7.225,7.54,7.215,7.53,110.7,546620,28566,42200,9.02
25,21226,61660,42467975,7.27,7.53,7.285,7.495,123.2,524593,24736,51200,8.02
20,20300,57420,44012265,6.925,7.08,7.015,7.21,98.3,564706,26800,48900,9.28
30,20181,60940,39373840,6.28,6.5,6.18,6.425,94.3,489220,24515,42400,7.94
55,20219,59500,35846415,6.335,6.445,6.26,6.345,105.4,511643,28352,34700,7.94
39,20393,58520,34607650,5.395,5.54,5.295,5.595,105.0,449001,20322,33300,8.36
60,20774,65640,34490995,6.275,6.4,6.21,6.475,104.8,514434,28371,43300,7.68
22,20918,65640,35079825,6.185,6.48,6.27,6.43,119.1,498744,24357,34900,7.68
60,20859,65640,36468575,6.335,6.505,6.275,6.25,96.4,459056,28397,41100,8.68
53,20700,64900,38112855,7.39,7.59,7.42,7.365,101.4,566644,22456,39700,7.16
37,21577,64900,39707140,7.44,7.515,7.295,7.515,101.2,542840,20597,47500,8.16
37,20723,64900,36829650,7.375,7.48,7.315,7.595,96.9,529498,24446,39000,8.16
46,21653,82840,34035485,7.12,7.305,7.165,7.4,91.9,486691,28382,48500,7.8
23,21640,82840,33379995,7.23,7.265,7.22,7.28,115.8,481269,22347,38600,7.8
44,22586,82840,37096290,6.9,7.135,6.965,7.08,104.6,534560,20458,42100,8.8
26,21074,82840,36379695,6.89,7.125,6.865,7.195,124.5,479856,20434,45400,7.8
42,22821,82840,32163450,6.72,6.85,6.825,6.965,131.5,405787,22325,52100,7.8
48,21293,59480,35246475,6.0,6.165,5.985,6.195,93.6,517172,26360,36900,9.04
36,21112,59480,39112755,6.08,6.095,5.945,6.22,83.5,524749,22464,41400,8.04
29,20883,59480,38168405,5.955,6.16,6.055,6.175,120.9,503113,22397,42900,9.04
21,20707,67180,36607450,7.185,7.4,7.25,7.175,113.9,456975,24352,37200,8.78
42,21853,67180,36079725,7.1,7.4,7.16,7.36,91.9,495797,22422,37300,8.78
34,22000,67180,38785010,7.095,7.32,7.245,7.355,91.2,546989,28530,51100,8.78
55,21103,59360,40195980,7.95,8.02,7.955,8.03,114.6,525924,20578,52400,7.32
22,21096,59360,36751880,8.185,8.475,8.175,8.425,131.6,462490,30454,45400,7.32
23,21501,59360,41218100,8.345,8.54,8.36,8.555,145.4,497990,24534,50600,7.32
46,20986,59360,38046195,8.36,8.555,8.345,8.375,143.8,490857,24451,47000,8.32
31,29860,74800,36857425,8.215,8.38,8.295,8.475,156.0,539571,22365,58100,7.32
51,26988,74800,33174460,8.3,8.545,8.36,8.59,150.2,491345,22325,56800,8.32
27,72710,74800,27625015,8.685,8.86,8.685,8.735,111.3,447032,22258,56200,7.32
46,35808,74800,34007710,8.555,8.83,8.615,8.725,126.3,501252,30354,55800,7.32
26,25234,74800,33457765,8.5,8.665,8.425,8.745,163.9,475124,26310,53500,7.32
33,25388,74800,34807630,8.31,8.51,8.295,8.36,156.3,474736,28346,54300,8.32
56,27384,74800,36479685,8.04,8.345,8.1,8.305,160.8,483058,26381,54400,7.32
58,25071,74800,31691275,7.99,8.1,7.945,8.075,151.2,482381,24259,55900,7.32
43,26365,74800,32852270,7.9,8.09,7.96,8.055,156.7,387823,24285,52000,7.32
50,24904,74800,32119010,7.935,8.03,7.83,8.135,145.2,401740,24317,47100,8.32
53,28040,74800,35452010,8.1,8.325,8.21,8.3,140.7,478332,20370,51500,8.32
36,29509,74800,33957715,7.965,8.07,7.88,8.08,132.3,471282,24336,54200,7.32
48,23352,69760,35696430,7.63,7.84,7.615,7.83,125.8,510893,26381,55400,8.08
40,23632,69760,35418680,7.575,7.81,7.595,7.94,127.8,484440,28370,47000,8.08
40,27023,69760,33557755,7.535,7.785,7.565,7.67,123.4,491464,26326,45700,8.08
25,25678,69760,31707940,7.545,7.7,7.55,7.765,147.8,446743,30296,50100,8.08
52,26822,69760,35635325,7.5,7.75,7.49,7.82,113.6,528887,30400,47400,7.08
45,23837,69760,35724205,7.245,7.45,7.215,7.255,88.2,533713,30394,45400,8.08
36,26069,69760,35063160,7.265,7.455,7.145,7.3,102.4,509852,24368,48500,7.08
27,24821,69760,33791065,7.205,7.31,7.26,7.395,117.2,448684,30355,50900,8.08
35,21323,61480,32596740,7.29,7.47,7.265,7.54,99.3,483140,20309,39500,8.62
53,21345,61480,35179815,7.32,7.46,7.275,7.515,90.7,483051,28362,45200,8.62
26,20909,61480,34129920,6.99,7.225,7.05,6.985,105.7,465165,22317,43100,7.62
21,21005,67120,31696830,6.665,6.72,6.67,6.665,101.9,450203,28274,52200,8.62
22,20693,67120,33502205,6.525,6.71,6.6,6.885,96.8,480695,28310,51800,8.62
34,21017,65380,35085380,6.62,6.9,6.735,6.83,111.6,536791,22355,49900,7.96
53,20748,65380,35052050,6.74,6.83,6.655,6.855,112.0,505077,30331,55500,6.96
57,20792,65380,33535535,6.87,7.15,6.865,7.145,108.0,477685,28338,50600,6.96
53,20685,65380,32602295,7.25,7.545,7.25,7.495,119.8,483878,30312,44700,6.96
21,20608,65380,32746725,7.07,7.255,7.16,7.285,133.1,452920,24296,56700,7.96
26,20661,65380,33657745,7.545,7.74,7.465,7.625,110.8,466294,28330,53500,7.96
28,21099,65380,33246675,7.555,7.68,7.475,7.665,118.9,457316,22304,47700,6.96
20,21230,65380,33152240,7.47,7.62,7.515,7.77,132.0,459687,26299,53400,7.96
48,20260,58040,40223755,6.34,6.52,6.41,6.655,122.8,516919,26523,52500,8.9
40,20500,58780,36329700,6.77,6.895,6.705,7.095,133.2,494604,22264,56600,7.82
52,20509,62560,37196280,6.985,7.19,7.08,7.28,129.9,480187,30382,47900,7.48
23,20610,62560,38185070,6.645,6.91,6.665,6.85,101.6,534902,22499,46400,8.48
26,20623,63780,33407770,5.88,6.045,5.885,6.165,122.0,494404,26280,50700,7.24
46,21232,63780,32763390,5.965,6.075,5.835,6.095,125.8,459385,26275,44100,7.24
47,20374,63300,36196380,5.565,5.855,5.71,5.795,101.2,485496,24370,38500,8.42
45,20300,59020,36857425,5.69,5.91,5.73,5.985,103.2,507911,26392,49000,8.6
30,20580,57500,38546145,5.56,5.73,5.515,5.605,108.0,495540,22426,39300,8.06
55,21242,57500,36051950,5.5,5.685,5.445,5.785,117.9,530639,30366,38900,8.06
45,21590,58380,36546345,4.51,4.785,4.575,4.705,109.4,528366,20386,36300,7.34
50,21449,58380,32685620,4.585,4.725,4.515,4.75,92.0,500120,22298,39700,8.34
40,20342,59040,37374040,3.84,4.035,3.84,4.03,109.6,502830,24482,47400,8.6
34,20860,58820,31457965,4.62,4.815,4.62,4.775,95.4,484954,24291,47000,7.6
53,22132,58820,32974480,4.59,4.75,4.69,4.8,93.0,503151,26330,44400,6.6
39,199659,91200,34507660,8.92,9.095,8.785,8.955,170.9,399154,28285,77300,6.96
56,96994,91200,35524225,8.585,8.775,8.69,8.94,164.5,465805,26347,75600,7.96
42,124035,91200,34035485,8.52,8.8,8.55,8.685,156.9,473168,30363,76700,6.96
26,105226,91200,33952160,8.61,8.81,8.72,8.845,154.8,437945,28362,74300,6.96
37,110838,91200,35540890,8.635,8.79,8.655,8.885,161.5,486963,20400,67300,6.96
56,96737,91200,34724305,8.71,9.01,8.85,8.84,164.6,456314,26318,73300,6.96
52,93564,91200,29785910,8.865,9.1,8.895,8.93,169.7,450482,28333,70000,6.96
57,104448,91200,32235665,9.01,9.15,9.015,9.015,162.5,439085,30269,80300,7.96
26,89486,91200,48772900,9.015,9.145,9.04,8.99,156.4,493047,24350,62200,6.96
51,111117,91200,19781355,9.185,9.225,9.16,9.205,161.4,527849,24440,68000,6.96
58,93939,91200,27569465,8.96,9.225,9.07,9.245,164.9,417956,28350,75700,7.96
24,290444,91200,21458965,9.235,9.305,9.23,9.215,173.5,466467,22370,55900,7.96
41,117964,91200,27608350,9.265,9.445,9.24,9.385,173.5,549584,26800,62400,7.96
58,133400,91200,37124065,9.225,9.36,9.175,9.53,170.3,513408,30800,67500,7.96
46,150775,91200,38973880,9.3,9.54,9.4,9.36,171.0,523799,24800,59300,6.96
25,204646,91200,34529880,9.31,9.525,9.32,9.505,173.5,454281,26800,60900,7.96
57,185345,91200,32635625,9.435,9.495,9.375,9.44,163.1,464886,24800,64500,6.96
56,242162,91200,27252830,9.26,9.505,9.36,9.525,173.5,237541,26221,61100,7.96
35,389964,91200,22986590,9.27,9.48,9.425,9.55,173.5,215432,26221,71200,6.96
45,412182,91200,40623715,9.19,9.345,9.195,9.635,171.4,440970,30240,62500,7.96
26,325760,91200,36935195,9.175,9.445,9.315,9.375,166.8,362344,30222,70500,7.96
22,216470,91200,37740670,9.215,9.465,9.24,9.365,172.3,349344,28213,69100,7.96
54,492964,91200,35440900,9.24,9.39,9.235,9.365,169.7,359760,28210,63200,6.96
46,377334,91200,34568765,9.26,9.435,9.26,9.27,173.5,353650,22163,58100,7.96
21,1799524,91200,38707240,9.17,9.43,9.155,9.41,165.4,417588,28166,66600,6.96
60,337488,91200,36357475,9.11,9.35,9.18,9.325,172.6,382857,20174,58200,6.96
46,203740,91200,30752480,9.05,9.225,9.14,9.43,173.5,362581,22181,60700,7.96
41,179850,91200,30663600,9.145,9.335,9.14,9.31,173.5,339764,30197,70200,7.96
25,421698,91200,24264240,9.25,9.33,9.26,9.28,164.7,269764,28141,62600,7.96
36,356236,91200,29313735,9.27,9.385,9.19,9.3,171.6,267965,26115,60000,6.96
34,507876,91200,25841860,9.145,9.32,9.14,9.46,173.5,291349,30168,59700,7.96
54,471942,91200,27775000,9.105,9.26,9.115,9.48,163.0,276179,30118,61700,7.96
25,306674,91200,27108400,9.115,9.315,9.175,9.215,173.5,278464,20163,71100,6.96
51,183035,91200,29941450,9.0,9.25,9.025,9.265,172.4,369811,24184,61600,7.96
20,159243,91200,31735715,8.9,9.145,8.885,9.22,170.5,416162,22242,71100,6.96
53,125861,91200,33613305,8.915,9.045,8.76,8.94,156.0,412194,20371,61900,7.96
51,251558,91200,27974980,9.01,9.125,9.035,9.29,170.5,317358,28155,68600,6.96
55,192895,91200,34402115,9.055,9.17,8.955,9.235,166.1,437541,28221,62800,7.96
40,287196,91200,32702285,9.005,9.23,8.97,9.23,168.2,420044,30203,65400,7.96
29,194335,91200,35946405,8.98,9.26,9.085,9.225,172.3,424127,30210,71200,7.96
24,137441,91200,35579775,9.115,9.18,9.1,9.255,169.5,390048,22200,68500,6.96
22,173440,91200,31924585,9.135,9.23,9.125,9.24,172.4,384688,28136,66300,6.96
26,787036,91200,30291415,9.215,9.37,9.105,9.33,173.5,291101,26080,65300,6.96
42,218331,91200,32507860,9.15,9.38,9.14,9.33,151.3,270691,28101,61300,6.96
30,520922,91200,33257785,9.135,9.31,9.04,9.335,173.5,308973,22090,61800,7.96
50,304724,91200,35235365,9.12,9.33,9.095,9.305,173.5,374897,20115,70300,7.96
42,211914,91200,35574220,9.17,9.32,9.115,9.12,173.5,359036,28194,68900,7.96
40,516034,91200,29713695,9.125,9.31,9.06,9.1,169.5,384237,30133,67700,6.96
56,850584,91200,30724705,9.05,9.22,9.185,9.33,158.9,312011,22136,61500,7.96
38,1378416,91200,31569065,9.235,9.405,9.28,9.23,173.5,342621,28080,65400,6.96
53,434324,91200,22986590,9.27,9.495,9.3,9.58,173.5,352670,28190,62000,6.96
26,259022,91200,31152440,9.27,9.46,9.305,9.39,173.5,434373,26446,67200,7.96
25,168078,91200,31202435,9.235,9.325,9.215,9.315,171.4,316479,24275,52800,6.96
57,308766,91200,38062860,9.24,9.36,9.26,9.21,173.5,399184,28440,56600,6.96
52,1042716,91200,31980135,9.155,9.34,9.21,9.47,173.5,474055,22240,61700,6.96
44,301014,91200,36979635,9.22,9.295,9.17,9.26,173.5,353054,28275,55200,7.96
40,396220,91200,25708540,9.115,9.23,9.11,9.435,173.5,233720,30286,58700,7.96
58,593116,91200,28636025,9.08,9.315,9.195,9.235,173.5,375488,28261,55900,7.96
40,934922,91200,25103045,9.13,9.25,9.05,9.255,173.5,212912,24112,69300,7.96
59,381692,91200,35740870,9.06,9.125,9.08,9.065,173.5,302506,22115,58800,6.96
35,236684,91200,37674010,9.05,9.23,8.98,9.1,164.3,335532,20120,64700,7.96
60,538812,91200,29463720,9.135,9.305,9.095,9.165,162.6,302776,30166,58900,6.96
52,1490682,91200,33091135,9.02,9.155,9.075,9.15,173.5,383325,24141,68000,7.96
26,256246,91200,37907320,8.975,9.105,8.96,9.375,150.0,362317,26134,63300,7.96
48,241748,91200,35613105,9.035,9.095,9.06,9.095,173.5,431269,26267,64900,6.96
29,160452,91200,33363330,9.01,9.215,9.06,8.965,168.8,434982,20227,75600,7.96
36,260964,91200,31374640,8.935,9.03,8.9,9.23,161.1,455145,22333,58100,7.96
29,161008,91200,33902165,8.96,9.1,8.83,9.065,158.6,340669,162240,63400,7.96
57,195842,91200,30913575,8.87,9.005,8.81,9.185,144.1,398327,22187,63800,6.96
51,337206,91200,32752280,8.925,9.145,9.015,9.095,168.9,349335,30133,67400,7.96
33,264944,91200,32424535,8.865,9.165,8.905,9.07,133.2,401981,28163,55800,6.96
42,773238,91200,34452110,8.965,9.17,8.94,9.2,152.2,439565,22174,66300,7.96
45,167342,91200,34402115,8.94,9.07,9.005,9.11,151.6,356325,24176,67900,7.96
52,206778,91200,35440900,9.01,9.155,8.935,8.965,169.1,354854,24152,64100,7.96
53,189843,91200,35263140,8.86,9.105,8.92,9.005,159.6,416738,22232,63700,6.96
29,221246,91200,37957315,8.95,9.055,8.865,8.955,167.8,388831,28226,54700,7.96
42,148881,91200,35690875,8.8,9.04,8.83,8.93,148.3,458882,20258,53800,7.96
46,131621,91200,35751980,8.83,8.885,8.8,8.85,161.4,418275,20229,61500,7.96
37,298268,91200,34485440,8.78,8.955,8.845,8.975,168.5,420282,22187,74900,7.96
46,243208,91200,36824095,8.925,9.015,8.93,8.88,168.1,338798,24214,76900,7.96
57,308416,91200,35890855,8.84,9.09,8.945,9.125,166.8,404986,20154,70200,6.96
60,323544,91200,34174360,8.995,9.07,9.015,9.095,173.5,321678,22131,67400,6.96
57,293562,91200,32968925,9.075,9.195,9.065,9.025,161.4,257073,28134,71200,6.96
50,207813,91200,31257985,9.065,9.14,8.995,9.165,167.4,334563,30205,73100,6.96
38,461022,91200,32318990,8.985,9.17,9.02,9.095,165.9,360183,24168,75300,7.96
58,214484,91200,35585330,8.835,9.015,8.92,9.095,170.7,373307,30274,77500,6.96
54,133327,91200,34546545,8.96,9.015,8.985,9.03,173.5,393382,28237,77200,7.96
21,219331,91200,36024175,8.855,9.1,8.9,9.19,173.5,387633,28246,67000,6.96
34,276046,91200,32518970,9.035,9.105,8.965,9.1,170.1,346747,24173,65400,7.96
28,233436,91200,35879745,8.9,9.15,8.995,8.98,168.3,342695,24189,76200,6.96
41,145761,91200,35224255,8.885,8.98,8.89,9.105,169.9,401882,30238,70700,7.96
37,218497,91200,34724305,8.745,8.995,8.885,8.98,170.1,397006,22202,65000,7.96
52,206582,91200,34357675,8.785,8.9,8.815,8.98,172.2,416481,26226,68000,6.96
27,170520,91200,35646435,8.75,8.945,8.905,9.03,171.8,400065,24208,73500,6.96
59,154354,91200,37490695,8.8,8.945,8.815,8.8,166.1,401512,26214,61400,7.96
41,128823,91200,36968525,8.745,8.885,8.675,8.985,171.7,390279,22243,61400,6.96
21,121803,91200,34979835,8.76,8.87,8.815,8.82,165.3,411619,30258,64600,7.96
42,184962,91200,41068115,8.615,8.845,8.68,8.955,172.8,407077,22285,69200,6.96
34,210273,91200,37374040,8.75,8.9,8.625,8.73,167.6,402950,28230,66100,6.96
36,115047,91200,36246375,8.695,8.79,8.63,9.015,160.0,408819,28226,62000,6.96
31,113377,91200,33196680,8.675,8.85,8.61,8.705,161.4,369607,30203,63800,6.96
46,184012,91200,32974480,8.57,8.755,8.595,8.52,153.8,402267,26216,74900,7.96
39,175045,91200,35002055,8.45,8.715,8.59,8.675,157.2,425095,30238,65000,7.96
27,156023,91200,33779955,8.63,8.76,8.6,8.575,157.9,438369,28320,72700,7.96
29,116243,91200,37224055,8.55,8.81,8.685,8.76,163.5,401242,24262,60900,7.96
24,93862,91200,35418680,8.59,8.885,8.705,8.69,161.9,416540,26283,63000,7.96
22,153098,91200,35090935,8.48,8.785,8.6,8.665,156.5,455177,30312,70800,7.96
30,136423,91200,36179715,8.47,8.695,8.58,8.65,163.4,474433,30323,75200,6.96
55,176786,91200,34490995,8.42,8.56,8.45,8.64,138.9,456948,22342,57700,7.96
43,83272,91200,31991245,8.37,8.595,8.365,8.54,121.7,431316,24318,66000,6.96
21,95500,91200,33063360,8.435,8.73,8.46,8.63,158.2,389121,20304,57200,7.96
21,108446,91200,33346665,8.68,8.895,8.575,8.77,168.0,354464,26306,50600,7.96
28,331514,91200,32918930,8.52,8.55,8.44,8.67,144.5,383739,30306,49400,6.96
27,281502,91200,31735715,8.49,8.705,8.44,8.715,130.2,437878,26322,51200,6.96
36,106976,91200,34257685,8.39,8.515,8.47,8.555,157.5,399291,24318,63800,7.96
52,100768,91200,34602095,8.36,8.605,8.415,8.425,164.2,455983,26314,47500,6.96
39,91374,91200,35757535,8.48,8.685,8.495,8.55,148.5,421532,30371,63500,7.96
56,112938,91200,38773900,8.615,8.825,8.73,8.765,141.1,469624,30477,63000,6.96
47,181116,91200,30146985,8.695,8.835,8.72,8.895,168.9,418266,22221,49800,7.96
27,147862,91200,34229910,8.75,8.915,8.75,9.175,170.9,348948,22213,63100,7.96
22,117428,91200,36018620,8.71,8.85,8.76,9.075,167.1,373575,28267,56700,7.96
39,320468,91200,29463720,8.86,9.005,8.795,9.135,170.8,340338,30192,62000,6.96
60,224660,91200,34357675,8.855,9.01,8.82,8.975,170.2,382809,30234,65300,7.96
32,306674,91200,34602095,8.865,9.09,8.96,9.185,161.5,457225,20342,63200,6.96
22,136480,91200,34674310,8.26,8.31,8.14,8.445,138.2,471764,26368,46100,6.96
46,134164,91200,37496250,8.28,8.37,8.31,8.38,148.4,488266,30379,47000,7.96
29,134623,91200,39223855,8.165,8.335,8.27,8.41,150.5,517077,22400,58400,6.96
57,76368,91200,32007910,7.795,8.055,7.875,8.075,113.8,481869,28349,48300,7.96
31,67571,91200,32613405,8.035,8.22,8.115,8.185,115.4,438045,24330,60900,7.96
51,93473,91200,35063160,7.985,8.075,7.965,7.995,125.4,465487,26339,50000,7.96
57,133835,91200,33963270,8.225,8.33,8.12,8.235,153.3,435929,24306,59600,6.96
44,116713,91200,32802275,8.32,8.575,8.42,8.385,126.7,451515,22330,62100,6.96
28,23017,110480,30296970,8.95,9.215,9.02,9.175,166.2,411264,28243,60500,7.98
29,23667,110480,30074770,8.96,9.235,9.03,9.26,171.8,351221,30112,65900,6.98
49,24149,110480,28291615,9.015,9.2,9.025,9.115,171.5,286130,20130,62800,7.98
47,22115,110480,33235565,9.02,9.155,8.97,9.12,172.3,382738,28218,56300,6.98
57,22226,110480,33235565,8.875,9.09,8.94,8.88,157.0,434825,26322,62300,6.98
31,23466,74380,31702385,8.65,8.865,8.79,8.93,127.5,441556,28349,58100,8.16
47,25591,74380,32918930,8.725,8.93,8.805,8.78,116.1,462430,22392,54600,7.16
55,23580,74380,31496850,8.46,8.755,8.465,8.72,102.3,394787,28370,55600,8.16
44,25792,74380,29941450,8.57,8.695,8.51,8.63,146.4,380129,24315,61100,7.16
55,25368,74380,32185670,8.48,8.705,8.47,8.56,144.1,426044,28293,58000,7.16
32,24782,74380,33435545,8.66,8.875,8.71,8.94,138.8,450933,28339,54600,7.16
47,23557,74380,30935795,8.77,8.805,8.755,8.87,147.0,414921,28280,63500,7.16
54,24488,74380,33479985,8.68,8.765,8.59,8.97,153.2,442908,28269,52500,7.16
27,21253,78860,36624115,8.68,8.775,8.62,8.97,142.6,492480,24358,56100,6.8
20,20905,78860,33996600,8.78,8.945,8.77,8.93,150.2,482875,26330,60000,7.8
31,21215,78860,38751680,8.83,8.97,8.855,9.01,164.5,532239,24382,57600,7.8
47,22192,78860,37740670,8.73,8.845,8.8,8.845,162.8,496077,30352,60700,6.8
45,20948,78860,33496650,8.64,8.88,8.68,8.79,154.3,518438,20304,60400,6.8
